{"cameraMode":{"drawMode":0,"name":"Shaded","section":"Shading Mode"},"sceneLighting":true,"audioPlay":false,"sceneViewState":{"showFog":false,"showMaterialUpdate":false,"showSkybox":false,"showFlares":false,"showImageEffects":false,"showParticleSystems":false},"in2DMode":false,"pivot":{"x":-5.100396156311035,"y":3.558572292327881,"z":2.830512046813965},"rotation":{"x":-0.06899531185626984,"y":0.9282408952713013,"z":-0.2186247706413269,"w":-0.2929457426071167},"size":5.847821235656738,"orthographic":false}