{"cameraMode":{"drawMode":0,"name":"Shaded","section":"Shading Mode"},"sceneLighting":true,"audioPlay":false,"sceneViewState":{"showFog":false,"showMaterialUpdate":false,"showSkybox":false,"showFlares":false,"showImageEffects":false,"showParticleSystems":false},"in2DMode":false,"pivot":{"x":5.291878700256348,"y":2.3273394107818605,"z":4.38060998916626},"rotation":{"x":-0.044287387281656268,"y":0.5036603212356567,"z":-0.025864867493510248,"w":-0.8623797297477722},"size":2.2850029468536379,"orthographic":false}