{"cameraMode":{"drawMode":0,"name":"Shaded","section":"Shading Mode"},"sceneLighting":true,"audioPlay":false,"sceneViewState":{"showFog":false,"showMaterialUpdate":false,"showSkybox":false,"showFlares":false,"showImageEffects":false,"showParticleSystems":false},"in2DMode":false,"pivot":{"x":6.945178985595703,"y":-0.5060762166976929,"z":-4.941964149475098},"rotation":{"x":-0.2512664496898651,"y":0.6441731452941895,"z":-0.23719464242458344,"w":-0.6823894381523132},"size":6.133243560791016,"orthographic":false}