{"cameraMode":{"drawMode":0,"name":"Shaded","section":"Shading Mode"},"sceneLighting":true,"audioPlay":false,"sceneViewState":{"showFog":false,"showMaterialUpdate":false,"showSkybox":false,"showFlares":false,"showImageEffects":false,"showParticleSystems":false},"in2DMode":false,"pivot":{"x":-13.428211212158204,"y":8.859513282775879,"z":3.389324188232422},"rotation":{"x":-0.056871917098760608,"y":-0.8712172508239746,"z":0.10399585962295532,"w":-0.4763912856578827},"size":17.824478149414064,"orthographic":false}